timestamp,value
1640430120000,97.0
1640439000000,97.0
1640445420000,98.0
1640466780000,95.0
1640477220000,99.0
1640507940000,98.0
1640518860000,98.0
1640523660000,98.0
1640542500000,97.0
1640549820000,99.0
1640564700000,98.0
1640566140000,95.0
1640626500000,96.0
1640649900000,98.0
1640678400000,96.0
1640692680000,97.0
1640714460000,97.0
1640736660000,96.0
1640742960000,96.0
1640805360000,95.0
1640823720000,96.0
1640844000000,95.0
1640881620000,98.0
1640887080000,99.0
1640895780000,98.0
1640911800000,98.0
1640956740000,97.0
1640979840000,99.0
1640985900000,99.0
1640996040000,96.0
1641040800000,93.0
1641083040000,98.0
1641114480000,96.0
1641142380000,92.0
1641153060000,99.0
1641170160000,100.0
1641175320000,96.0
1641218520000,97.0
1641236040000,99.0
1641243480000,98.0
1641254880000,99.0
1641281700000,96.0
1641312360000,98.0
1641342000000,99.0
1641392100000,99.0
1641428520000,98.0
1641431580000,98.0
1641467040000,97.0
1641478800000,97.0
1641514200000,98.0
1641543840000,99.0
1641552300000,98.0
1641587880000,99.0
1641601380000,98.0
1641638280000,95.0
1641689880000,97.0
1641716220000,99.0
1641719580000,99.0
1641738960000,100.0
1641754800000,97.0
1641773400000,98.0
1641811500000,98.0
1641832200000,99.0
1641859560000,98.0
1641889320000,96.0
1641912120000,95.0
1641917640000,99.0
1641921900000,96.0
1641933960000,96.0
1641947100000,99.0
1641994500000,98.0
1642009620000,99.0
1642033200000,78.0
1642089780000,94.0
1642095180000,98.0
1642119960000,96.0
1642142220000,96.0
1642183620000,98.0
1642206360000,100.0
1642257000000,98.0
1642266240000,96.0
1642275960000,95.0
1642291620000,97.0
1642311480000,96.0
1642330440000,98.0
1642336560000,99.0
1642341360000,97.0
1642348560000,98.0
1642354680000,97.0
1642377660000,97.0
1642403340000,99.0
1642438560000,96.0
1642442940000,98.0
1642453740000,99.0
1642465860000,96.0
1642494120000,98.0
1642532880000,98.0
1642551000000,100.0
1642606920000,99.0
1642638240000,96.0
1642667700000,96.0
1642671360000,97.0
1642676340000,95.0
1642696020000,98.0
1642723380000,99.0
1642794420000,96.0
1642812120000,100.0
1642829520000,83.0
1642896720000,96.0
1642911360000,98.0
1642947360000,99.0
1642952220000,97.0
1642960680000,97.0
1642982700000,97.0
1643016540000,99.0
1643045760000,100.0
1643071260000,97.0
1643100960000,99.0
1643126760000,98.0
1643135820000,79.0
1643156520000,100.0
1643190180000,98.0
1643232060000,91.0
1643246580000,99.0
1643268900000,99.0
1643298240000,97.0
1643313000000,96.0
1643328960000,98.0
1643356320000,99.0
1643387940000,97.0
1643390340000,99.0
1643399760000,98.0
1643415900000,98.0
1643465520000,98.0
1643502420000,98.0
1643538240000,97.0
1643571300000,98.0
1643587980000,97.0
1643614260000,97.0
1643654820000,98.0
1643674080000,99.0
1643700780000,99.0
1643718900000,98.0
1643731800000,97.0
1643760540000,98.0
1643787900000,98.0
1643812920000,97.0
1643832780000,99.0
1643847000000,98.0
1643881020000,99.0
1643906280000,97.0
1643934060000,94.0
1643964600000,99.0
1643988480000,98.0
1644009180000,97.0
1644020460000,98.0
1644059220000,98.0
1644075360000,99.0
1644090000000,98.0
1644107880000,99.0
1644135000000,99.0
1644161520000,95.0
1644181740000,96.0
1644192360000,98.0
1644193620000,100.0
1644219060000,97.0
1644225060000,98.0
1644273000000,98.0
1644275400000,94.0
1644279840000,95.0
1644283740000,97.0
1644317880000,98.0
1644323460000,99.0
1644329160000,95.0
1644343080000,98.0
1644349200000,98.0
1644369000000,98.0
1644402900000,98.0
1644414060000,98.0
1644417660000,99.0
1644435120000,99.0
1644452400000,97.0
1644484980000,100.0
1644493560000,98.0
1644512820000,95.0
1644523200000,97.0
1644537660000,98.0
1644564360000,99.0
1644586320000,99.0
1644595440000,98.0
1644614700000,98.0
1644626220000,100.0
1644628380000,97.0
1644634920000,96.0
1644639840000,96.0
1644670380000,99.0
1644697020000,96.0
1644711180000,97.0
1644758580000,97.0
1644779340000,99.0
1644788100000,99.0
1644802380000,98.0
1644823860000,98.0
1644832440000,98.0
1644853320000,98.0
1644859920000,74.0
1644871080000,96.0
1644887040000,98.0
1644887640000,99.0
1644924600000,96.0
1644935820000,99.0
1644970020000,98.0
1644973800000,95.0
1644981060000,100.0
1645006500000,99.0
1645010760000,97.0
1645014000000,97.0
1645015200000,94.0
1645040640000,98.0
1645055280000,98.0
1645058580000,97.0
1645083540000,98.0
1645108200000,99.0
1645111800000,97.0
1645140900000,97.0
1645143300000,99.0
1645168020000,95.0
1645172820000,99.0
1645187820000,99.0
1645207260000,99.0
1645229460000,99.0
1645236000000,99.0
1645284540000,98.0
1645318020000,99.0
1645336200000,97.0
1645360140000,99.0
1645368060000,97.0
1645403700000,96.0
1645488960000,99.0
1645494480000,100.0
1645497180000,97.0
1645504020000,98.0
1645515120000,99.0
1645528860000,98.0
1645566120000,97.0
1645576080000,98.0
1645581120000,95.0
1645617960000,100.0
1645634400000,97.0
1645652040000,98.0
1645663920000,99.0
1645667100000,99.0
1645713660000,98.0
1645734360000,98.0
1645743060000,99.0
1645748340000,98.0
1645793160000,97.0
1645835760000,97.0
1645838760000,99.0
1645840740000,100.0
1645847280000,100.0
1645852920000,97.0
1645860120000,98.0
1645881000000,98.0
1645896420000,97.0
1645914840000,98.0
1645920120000,96.0
1645922700000,98.0
1645926960000,99.0
1645997520000,96.0
1645999980000,97.0
1646008020000,98.0
1646034720000,99.0
1646049720000,98.0
1646066400000,96.0
1646091360000,99.0
1646092560000,99.0
1646094420000,99.0
1646142720000,96.0
1646162520000,98.0
1646179140000,92.0
1646180340000,97.0
1646209140000,98.0
1646229240000,97.0
1646241660000,98.0
1646268120000,96.0
1646292720000,100.0
1646323560000,97.0
1646329800000,95.0
1646352120000,98.0
1646391180000,99.0
1646397240000,97.0
1646415900000,97.0
1646440560000,100.0
1646445840000,98.0
1646493780000,90.0
1646525700000,96.0
1646544660000,97.0
1646573400000,97.0
1646574000000,96.0
1646582640000,97.0
1646611740000,98.0
1646672040000,98.0
1646700300000,98.0
1646753880000,99.0
1646763720000,99.0
1646784120000,97.0
1646822340000,97.0
1646834700000,95.0
1646847000000,100.0
1646868120000,95.0
1646875020000,96.0
1646876880000,99.0
1646905020000,96.0
1646919060000,99.0
1646931720000,98.0
1646939520000,94.0
1646947680000,99.0
1646958780000,99.0
1646959440000,96.0
1646987400000,94.0
1646998800000,97.0
1647022740000,96.0
1647044460000,90.0
1647077700000,97.0
1647086340000,98.0
1647095280000,97.0
1647117900000,97.0
1647129360000,98.0
1647134580000,97.0
1647165240000,98.0
1647172200000,98.0
1647182160000,98.0
1647188280000,99.0
1647195780000,98.0
1647202020000,97.0
1647217800000,97.0
1647255960000,98.0
1647268560000,99.0
1647277680000,98.0
1647302640000,95.0
1647474600000,97.0
1647478680000,98.0
1647491820000,98.0
1647561960000,96.0
1647649500000,88.0
1647737880000,97.0
1647822360000,98.0
1647829260000,95.0
1647907560000,98.0
1647994140000,99.0
1648080480000,97.0
1648129620000,97.0
1648141080000,99.0
1648153260000,98.0
1648156980000,98.0
1648167360000,97.0
1648193460000,99.0
1648204140000,97.0
1648220340000,96.0
1648252920000,99.0
1648284360000,94.0
1648286820000,98.0
1648290540000,99.0
1648302120000,97.0
1648308600000,96.0
1648325760000,93.0
1648340100000,96.0
1648371000000,97.0
1648410360000,98.0
1648423020000,99.0
1648456440000,98.0
1648465260000,99.0
1648470420000,97.0
1648513020000,99.0
1648545780000,99.0
1648561140000,97.0
1648563000000,97.0
1648568280000,96.0
1648573740000,98.0
1648583100000,96.0
1648593180000,95.0
1648598280000,97.0
1648628100000,80.0
1648631280000,100.0
1648641180000,99.0
1648654080000,92.0
1648659780000,96.0
1648670100000,97.0
1648681380000,96.0
1648727160000,99.0
1648739100000,98.0
1648739760000,96.0
1648748880000,99.0
1648755000000,97.0
1648768500000,98.0
1648769100000,97.0
1648795500000,100.0
1648809720000,98.0
1648819740000,97.0
1648825380000,98.0
1648830960000,99.0
1648839840000,98.0
1648844100000,97.0
1648854300000,98.0
1648886100000,98.0
1648891680000,99.0
1648895880000,98.0
1648912380000,98.0
1648941540000,99.0
1648982160000,99.0
1648998180000,96.0
1649011920000,95.0
1649029080000,98.0
1649056620000,98.0
1649065440000,99.0
1649080980000,98.0
1649087880000,97.0
1649092560000,96.0
1649099940000,98.0
1649114880000,99.0
1649142420000,97.0
1649149980000,99.0
1649162400000,97.0
1649171880000,98.0
1649185680000,93.0
1649201340000,97.0
1649235000000,92.0
1649258400000,97.0
1649265060000,98.0
1649272980000,98.0
1649273580000,98.0
1649286300000,96.0
1649315820000,97.0
1649330940000,99.0
1649339280000,99.0
1649346720000,97.0
1649355360000,98.0
1649366220000,99.0
1649372940000,99.0
1649391180000,98.0
1649417940000,95.0
1649422920000,95.0
1649435460000,99.0
1649448840000,99.0
1649459100000,98.0
1649506560000,97.0
1649510160000,94.0
1649527200000,96.0
1649545200000,99.0
1649582040000,100.0
1649590200000,97.0
1649603520000,97.0
1649609820000,98.0
1649616180000,99.0
1649631900000,99.0
1649661900000,97.0
1649666340000,98.0
1649680620000,99.0
1649692620000,96.0
1649704080000,100.0
1649718540000,99.0
1649758680000,98.0
1649775300000,97.0
1649779800000,98.0
1649787180000,97.0
1649805300000,97.0
1649812080000,98.0
1649837640000,99.0
1649841000000,99.0
1649881200000,97.0
1649891580000,98.0
1649924760000,97.0
1649932440000,90.0
1649945640000,98.0
1649946240000,98.0
1649959200000,97.0
1649979000000,97.0
1649984820000,97.0
1650018720000,99.0
1650026100000,98.0
1650032880000,97.0
1650037860000,98.0
1650048180000,96.0
1650065160000,95.0
1650068880000,98.0
1650101520000,99.0
1650111960000,97.0
1650150120000,100.0
1650179760000,99.0
1650192780000,97.0
1650206040000,97.0
1650214080000,97.0
1650215940000,98.0
1650237840000,98.0
1650266820000,98.0
1650292920000,99.0
1650306780000,99.0
1650323100000,97.0
1650331320000,97.0
1650349620000,99.0
1650368520000,97.0
1650401520000,96.0
1650409320000,98.0
1650440100000,98.0
1650446700000,98.0
1650453840000,99.0
1650468480000,96.0
1650485640000,99.0
1650495840000,98.0
1650498720000,98.0
1650523860000,97.0
1650536880000,92.0
1650543660000,96.0
1650551520000,96.0
1650576000000,98.0
1650584640000,99.0
1650616200000,99.0
1650625020000,99.0
1650632760000,97.0
1650658020000,98.0
1650668940000,95.0
1650675540000,95.0
1650686820000,98.0
1650706440000,98.0
1650725520000,97.0
1650726780000,97.0
1650754980000,95.0
1650776400000,96.0
1650828960000,98.0
1650842460000,81.0
1650883560000,94.0
1650893520000,97.0
1650920280000,97.0
1650928560000,98.0
1650965520000,99.0
1650981000000,98.0
1650985620000,95.0
1650995280000,95.0
1651009620000,98.0
1651014240000,98.0
1651049040000,97.0
1651060080000,97.0
1651076460000,95.0
1651089060000,97.0
1651100220000,97.0
1651100820000,99.0
1651140720000,99.0
1651150380000,98.0
1651154040000,97.0
1651160220000,95.0
1651167600000,98.0
1651176960000,97.0
1651187400000,99.0
1651216620000,99.0
1651234500000,99.0
1651254660000,95.0
1651275600000,98.0
1651303380000,95.0
1651320480000,98.0
1651342740000,98.0
1651348260000,98.0
1651364340000,99.0
1651388820000,99.0
1651409820000,99.0
1651429080000,97.0
1651440120000,97.0
1651446720000,97.0
1651449960000,99.0
1651478940000,95.0
1651488900000,95.0
1651499340000,95.0
1651520280000,97.0
1651535940000,97.0
1651563360000,98.0
1651584180000,95.0
1651605540000,99.0
1651621200000,98.0
1651654980000,97.0
1651675860000,98.0
1651677120000,98.0
1651692060000,96.0
1651695360000,99.0
1651705860000,99.0
1651734600000,99.0
1651747620000,97.0
1651761300000,97.0
1651769940000,97.0
1651792860000,99.0
1651829040000,97.0
1651840500000,98.0
1651858560000,99.0
1651878180000,99.0
1651911420000,96.0
1651929120000,99.0
1651939380000,99.0
1651954020000,98.0
1651972680000,97.0
1651984620000,98.0
1651998240000,97.0
1652001780000,96.0
1652010180000,98.0
1652013000000,99.0
1652029200000,96.0
1652051880000,97.0
1652101080000,97.0
1652102880000,97.0
1652119440000,96.0
1652124960000,94.0
1652136660000,98.0
1652137200000,100.0
1652137920000,99.0
1652220600000,95.0
1652225940000,97.0
1652262120000,98.0
1652283180000,98.0
1652289360000,98.0
1652294280000,95.0
1652302800000,98.0
1652304660000,97.0
1652310120000,95.0
1652314260000,95.0
1652319180000,99.0
1652325120000,97.0
1652331780000,98.0
1652367060000,99.0
1652381160000,98.0
1652388360000,97.0
1652397420000,100.0
1652418180000,77.0
1652449200000,98.0
1652455440000,97.0
1652462160000,98.0
1652467560000,95.0
1652478120000,96.0
1652485980000,99.0
1652490600000,96.0
1652503020000,96.0
1652529960000,98.0
1652546160000,99.0
1652571300000,98.0
1652588280000,95.0
1652618040000,95.0
1652621400000,98.0
1652625240000,97.0
1652638020000,95.0
1652639220000,99.0
1652655780000,100.0
1652686860000,98.0
1652696760000,100.0
1652706240000,99.0
1652723340000,96.0
1652726940000,97.0
1652738100000,98.0
1652743500000,96.0
1652790720000,96.0
1652795700000,96.0
1652803800000,99.0
1652811240000,98.0
1652829780000,86.0
1652865000000,99.0
1652876220000,98.0
1652888520000,97.0
1652912220000,94.0
1652917560000,96.0
1652920560000,100.0
1652924220000,96.0
1652931420000,96.0
1652938740000,98.0
1652944200000,100.0
1652969100000,93.0
1652978280000,93.0
1652990460000,96.0
1653001560000,97.0
1653062940000,99.0
1653065700000,98.0
1653093120000,95.0
1653127260000,99.0
1653144840000,95.0
1653162540000,97.0
1653178320000,97.0
1653223500000,96.0
1653248220000,98.0
1653260700000,98.0
1653300000000,98.0
1653306780000,98.0
1653319380000,98.0
1653322980000,94.0
1653339000000,98.0
1653349980000,97.0
1653382560000,96.0
1653400380000,96.0
1653404580000,98.0
1653408180000,98.0
1653433560000,96.0
1653440580000,99.0
1653469740000,79.0
1653511980000,95.0
1653520560000,99.0
1653555120000,97.0
1653578280000,96.0
1653579480000,97.0
1653607080000,99.0
1653610800000,97.0
1653653940000,98.0
1653658380000,97.0
1653664980000,95.0
1653678420000,97.0
1653689400000,97.0
1653693960000,98.0
1653713460000,96.0
1653732960000,99.0
1653758940000,96.0
1653773580000,97.0
1653779040000,98.0
1653828300000,99.0
1653839400000,99.0
1653865620000,98.0
1653886980000,99.0
1653910740000,97.0
1653929340000,98.0
1653952080000,98.0
1653985020000,97.0
1653992040000,98.0
1654002480000,94.0
1654019160000,80.0
1654038180000,99.0
1654041480000,98.0
1654067340000,97.0
1654092420000,97.0
1654094820000,97.0
1654100820000,99.0
1654123560000,96.0
1654124760000,98.0
1654128660000,100.0
1654149420000,98.0
1654176060000,98.0
1654187100000,95.0
1654190640000,99.0
1654192680000,97.0
1654197480000,96.0
1654211160000,97.0
1654242480000,94.0
1654249020000,99.0
1654271700000,98.0
1654283280000,98.0
1654328460000,98.0
1654335720000,97.0
1654351920000,98.0
1654363440000,98.0
1654389420000,95.0
1654428360000,97.0
1654438620000,97.0
1654454460000,98.0
1654476120000,97.0
1654501680000,97.0
1654519680000,97.0
1654522080000,95.0
1654526580000,94.0
1654538820000,97.0
1654557180000,96.0
1654590240000,95.0
1654594440000,97.0
1654600620000,97.0
1654604940000,99.0
1654610940000,99.0
1654621740000,97.0
1654626600000,98.0
1654633560000,100.0
1654643040000,98.0
1654681620000,97.0
1654683420000,98.0
1654708440000,98.0
1654728840000,96.0
1654729440000,97.0
1654762140000,99.0
1654779900000,98.0
1654800360000,98.0
1654816020000,93.0
1654849740000,97.0
1654852740000,99.0
1654857120000,98.0
1654860060000,100.0
1654864440000,96.0
1654867200000,99.0
1654871340000,99.0
1654884960000,99.0
1654896960000,96.0
1654902000000,91.0
1654993080000,97.0
1655010900000,99.0
1655021700000,98.0
1655043300000,95.0
1655048640000,95.0
1655052300000,77.0
1655062080000,98.0
1655075280000,98.0
1655081400000,98.0
1655109960000,99.0
1655121240000,98.0
1655124900000,97.0
1655129580000,98.0
1655143980000,97.0
1655148180000,98.0
1655162400000,98.0
1655179140000,99.0
1655200980000,98.0
1655213160000,100.0
1655239080000,94.0
1655248920000,98.0
1655276880000,96.0
1655287620000,95.0
1655290800000,95.0
1655296440000,98.0
1655298360000,98.0
1655301420000,96.0
1655306220000,97.0
1655308680000,97.0
1655314260000,96.0
1655319300000,97.0
1655325780000,99.0
1655338560000,96.0
1655365140000,96.0
1655372400000,99.0
1655375400000,99.0
1655382780000,100.0
1655393880000,99.0
1655404800000,98.0
1655415240000,97.0
1655423580000,98.0
1655457240000,97.0
1655472180000,98.0
1655473380000,97.0
1655490660000,98.0
1655506860000,96.0
1655553480000,98.0
1655563800000,98.0
1655564460000,99.0
1655567880000,96.0
1655571300000,97.0
1655582340000,99.0
1655584260000,100.0
1655595480000,97.0
1655623980000,96.0
1655645100000,98.0
1655650740000,98.0
1655655000000,96.0
1655663100000,97.0
1655671620000,97.0
1655680260000,98.0
1655683560000,97.0
1655712480000,99.0
1655726640000,98.0
1655738940000,98.0
1655742660000,98.0
1655749800000,99.0
1655753460000,99.0
1655766960000,98.0
1655797980000,99.0
1655807280000,96.0
1655816460000,97.0
1655818020000,98.0
1655823540000,95.0
1655825940000,98.0
1655842020000,97.0
1655852880000,97.0
1655894100000,99.0
1655908140000,97.0
1655923500000,97.0
1655929560000,96.0
1655946060000,98.0
1655974980000,97.0
1655980260000,98.0
1655986020000,100.0
1655988540000,98.0
1655995740000,98.0
1656006780000,96.0
1656025440000,98.0
1656055140000,98.0
1656087180000,97.0
1656089040000,99.0
1656092100000,97.0
1656098880000,98.0
1656111780000,98.0
1656181560000,95.0
1656199440000,98.0
1656235380000,98.0
1656256380000,99.0
1656285120000,96.0
1656323640000,97.0
1656328620000,99.0
1656332220000,98.0
1656337800000,99.0
1656345780000,96.0
1656352380000,94.0
1656358380000,97.0
1656370800000,98.0
1656402780000,99.0
1656423300000,98.0
1656428100000,98.0
1656432300000,96.0
1656448740000,99.0
1656457920000,97.0
1656506520000,99.0
1656510960000,97.0
1656522780000,98.0
1656525840000,97.0
1656532620000,96.0
1656544140000,97.0
1656590760000,97.0
1656603720000,98.0
1656606840000,96.0
1656613560000,96.0
1656619560000,99.0
1656630180000,99.0
1656683940000,99.0
1656685500000,95.0
1656694140000,99.0
1656716520000,98.0
1656803700000,100.0
1656849960000,99.0
1656889800000,75.0
1656940560000,99.0
1656977040000,98.0
1657063080000,97.0
1657149900000,98.0
1657207260000,98.0
1657235340000,100.0
1657322280000,98.0
1657387320000,99.0
1657409520000,97.0
1657418040000,97.0
1657422060000,99.0
1657429560000,97.0
1657433160000,98.0
1657490760000,96.0
1657495560000,97.0
1657499880000,100.0
1657504620000,100.0
1657514100000,98.0
1657522020000,99.0
1657527540000,96.0
1657544640000,98.0
1657575360000,99.0
1657577820000,92.0
1657581180000,92.0
1657581780000,98.0
1657583400000,97.0
1657591860000,99.0
1657596660000,97.0
1657605540000,100.0
1657613520000,97.0
1657617120000,79.0
1657642680000,99.0
1657651320000,95.0
1657654020000,98.0
1657664700000,98.0
1657667820000,98.0
1657669020000,98.0
1657676820000,99.0
1657681380000,97.0
1657690200000,95.0
1657695420000,95.0
1657701540000,82.0
1657706940000,97.0
1657714200000,97.0
1657726740000,98.0
1657728720000,99.0
1657733580000,97.0
1657741320000,99.0
1657750860000,99.0
1657757520000,98.0
1657759800000,99.0
1657763580000,100.0
1657768200000,99.0
1657781160000,98.0
1657789680000,98.0
1657792740000,99.0
1657805040000,100.0
1657818120000,94.0
1657821960000,98.0
1657833780000,99.0
1657837920000,98.0
1657844160000,98.0
1657844940000,97.0
1657853940000,96.0
1657858800000,100.0
1657869120000,100.0
1657880520000,93.0
1657907100000,95.0
1657913100000,96.0
1657920660000,95.0
1657928580000,98.0
1657934100000,98.0
1657962840000,95.0
1657973280000,99.0
1657984380000,98.0
1658004420000,96.0
1658012580000,98.0
1658049480000,97.0
1658065920000,99.0
1658078820000,96.0
1658085840000,98.0
1658099100000,99.0
1658131740000,98.0
1658142540000,97.0
1658149740000,98.0
1658158920000,97.0
1658167740000,98.0
1658172060000,97.0
1658191440000,97.0
1658203560000,96.0
1658241900000,97.0
1658253000000,96.0
1658272800000,97.0
1658278500000,96.0
1658304600000,99.0
1658321580000,96.0
1658335440000,98.0
1658350380000,96.0
1658366280000,93.0
1658404500000,98.0
1658416440000,95.0
1658423460000,98.0
1658434440000,99.0
1658445120000,95.0
1658482320000,96.0
1658492400000,97.0
1658496240000,99.0
1658499600000,99.0
1658507580000,98.0
1658517060000,96.0
1658520600000,96.0
1658531340000,98.0
1658536560000,97.0
1658549880000,98.0
1658590860000,97.0
1658599980000,95.0
1658609340000,97.0
1658619600000,98.0
1658652720000,99.0
1658682060000,98.0
1658692260000,99.0
1658704740000,98.0
1658734680000,99.0
1658761200000,98.0
1658800980000,97.0
1658826300000,98.0
1658859480000,97.0
1658866140000,97.0
1658876820000,99.0
1658881620000,98.0
1658882820000,97.0
1658913900000,97.0
1658915880000,96.0
1658926800000,95.0
1658929260000,97.0
1658940120000,98.0
1658944920000,97.0
1658953380000,97.0
1658963760000,99.0
1658969340000,96.0
1659001320000,98.0
1659008520000,93.0
1659014940000,98.0
1659018540000,97.0
1659027720000,98.0
1659032700000,97.0
1659039900000,97.0
1659052680000,97.0
1659055140000,99.0
1659087840000,93.0
1659104460000,98.0
1659126000000,99.0
1659130860000,96.0
1659137280000,96.0
1659139320000,98.0
1659169980000,95.0
1659181260000,99.0
1659184980000,96.0
1659191580000,97.0
1659203340000,97.0
1659222360000,96.0
1659229080000,96.0
1659240180000,82.0
1659281640000,97.0
1659291540000,97.0
1659301380000,99.0
1659311700000,99.0
1659314880000,99.0
1659341520000,98.0
1659342660000,94.0
1659366420000,97.0
1659381900000,99.0
1659384780000,95.0
1659393720000,98.0
1659396840000,99.0
1659398520000,99.0
1659403860000,96.0
1659431940000,97.0
1659448980000,99.0
1659452040000,99.0
1659459060000,97.0
1659459660000,98.0
1659463860000,96.0
1659469260000,96.0
1659475320000,99.0
1659479880000,99.0
1659481740000,99.0
1659483120000,95.0
1659496560000,97.0
1659541140000,97.0
1659555660000,95.0
1659565860000,98.0
1659569940000,99.0
1659576900000,99.0
1659602580000,99.0
1659622320000,96.0
1659625320000,96.0
1659641280000,98.0
1659655440000,98.0
1659661860000,98.0
1659695580000,98.0
1659701100000,96.0
1659709740000,99.0
1659711540000,98.0
1659716400000,99.0
1659725220000,95.0
1659733140000,99.0
1659736140000,95.0
1659743220000,94.0
1659747240000,99.0
1659749880000,100.0
1659751080000,99.0
1659759180000,95.0
1659787800000,98.0
1659790200000,98.0
1659808020000,97.0
1659812760000,96.0
1659822840000,95.0
1659827220000,100.0
1659831120000,97.0
1659834480000,100.0
1659838860000,98.0
1659841320000,98.0
1659846300000,98.0
1659849900000,99.0
1659853800000,98.0
1659858600000,95.0
1659864420000,96.0
1659866940000,98.0
1659873300000,96.0
1659887160000,99.0
1659891600000,99.0
1659898320000,97.0
1659901620000,99.0
1659904080000,88.0
1659912480000,96.0
1659918120000,100.0
1659925440000,97.0
1659930600000,97.0
1659935040000,99.0
1659938640000,95.0
1659946140000,96.0
1659949380000,98.0
1659959100000,96.0
1659963900000,96.0
1659968640000,96.0
1659977640000,99.0
1659979440000,99.0
1659989940000,98.0
1659993360000,99.0
1659996960000,97.0
1660000680000,98.0
1660003380000,99.0
1660009320000,98.0
1660034760000,97.0
1660047420000,96.0
1660051020000,97.0
1660057080000,98.0
1660065540000,99.0
1660066140000,97.0
1660081140000,99.0
1660086660000,98.0
1660089300000,99.0
1660093380000,97.0
1660124160000,99.0
1660129680000,99.0
1660145880000,98.0
1660150440000,98.0
1660155960000,95.0
1660179060000,100.0
1660179660000,100.0
1660184100000,97.0
1660186680000,98.0
1660190580000,98.0
1660194900000,100.0
1660197240000,98.0
1660201260000,98.0
1660204920000,97.0
1660207860000,94.0
1660222680000,99.0
1660225260000,99.0
1660239840000,99.0
1660250400000,95.0
1660261200000,99.0
1660265400000,99.0
1660271760000,94.0
1660307400000,95.0
1660315200000,98.0
1660328220000,96.0
1660331220000,97.0
1660340880000,99.0
1660346400000,98.0
1660354140000,98.0
1660377240000,99.0
1660390080000,97.0
1660400400000,99.0
1660404060000,99.0
1660411920000,94.0
1660422780000,95.0
1660425840000,98.0
1660432140000,99.0
1660436400000,100.0
1660455180000,96.0
1660475520000,96.0
1660481580000,99.0
1660488180000,97.0
1660505820000,99.0
1660519500000,96.0
1660521900000,99.0
1660561440000,98.0
1660576800000,97.0
1660581000000,98.0
1660588860000,98.0
1660597860000,99.0
1660603500000,99.0
1660610100000,97.0
1660657680000,97.0
1660668360000,95.0
1660669560000,98.0
1660681380000,99.0
1660686660000,98.0
1660691400000,97.0
1660697280000,98.0
1660711800000,96.0
1660751100000,98.0
1660770000000,99.0
1660777860000,99.0
1660780680000,96.0
1660798980000,99.0
1660819860000,96.0
1660825560000,97.0
1660832760000,97.0
1660846860000,98.0
1660855920000,95.0
1660867260000,99.0
1660885500000,98.0
1660896420000,96.0
1660909860000,97.0
1660927440000,98.0
1660950420000,99.0
1660952160000,98.0
1660954860000,98.0
1660973520000,97.0
1660996740000,95.0
1661017560000,99.0
1661035620000,99.0
1661037420000,98.0
1661038620000,99.0
1661063400000,99.0
1661097960000,99.0
1661102160000,98.0
1661124660000,95.0
1661126040000,97.0
1661141520000,98.0
1661175600000,97.0
1661185920000,95.0
1661193840000,97.0
1661203560000,96.0
1661215800000,99.0
1661227680000,98.0
1661247540000,98.0
1661261520000,90.0
1661271540000,99.0
1661281140000,97.0
1661285940000,95.0
1661291340000,97.0
1661302260000,99.0
1661318700000,99.0
1661353080000,98.0
1661376000000,98.0
1661378400000,99.0
1661382840000,98.0
1661385780000,98.0
1661402580000,97.0
1661436240000,98.0
1661470980000,98.0
1661499180000,98.0
1661509620000,97.0
1661523180000,98.0
1661533440000,95.0
1661553060000,93.0
1661556840000,97.0
1661560680000,96.0
1661568780000,98.0
1661590080000,96.0
1661607840000,98.0
1661614500000,97.0
1661622900000,98.0
1661626320000,99.0
1661628120000,97.0
1661636580000,97.0
1661643840000,99.0
1661645640000,98.0
1661659740000,98.0
1661680860000,97.0
1661687820000,97.0
1661692860000,97.0
1661703660000,99.0
1661705040000,97.0
1661711820000,96.0
1661725740000,100.0
1661728920000,98.0
1661733960000,97.0
1661753520000,99.0
1661776440000,100.0
1661788380000,97.0
1661796240000,98.0
1661816340000,97.0
1661854920000,96.0
1661881320000,98.0
1661897460000,99.0
1661901960000,99.0
1661906400000,98.0
1661939820000,76.0
1661951820000,97.0
1661976420000,99.0
1661988780000,97.0
1661995980000,96.0
1661997780000,98.0
1662028860000,99.0
1662037140000,99.0
1662063120000,99.0
1662070200000,98.0
1662077040000,95.0
1662079800000,100.0
1662093420000,95.0
1662131100000,95.0
1662152100000,99.0
1662162120000,99.0
1662165660000,100.0
1662187380000,97.0
1662233880000,96.0
1662238080000,96.0
1662242580000,99.0
1662248700000,94.0
1662250500000,98.0
1662283080000,96.0
1662291660000,97.0
1662295680000,98.0
1662303600000,98.0
1662309600000,97.0
1662322260000,99.0
1662330240000,99.0
1662338520000,100.0
1662352320000,100.0
1662369180000,98.0
1662377820000,99.0
1662382200000,98.0
1662391020000,97.0
1662392220000,99.0
1662401280000,98.0
1662404460000,99.0
1662412980000,97.0
1662416580000,96.0
1662418980000,94.0
1662430020000,98.0
1662452040000,99.0
1662476700000,97.0
1662493140000,98.0
1662501840000,93.0
1662508440000,98.0
1662550680000,97.0
1662562020000,95.0
1662568080000,99.0
1662580080000,99.0
1662596880000,97.0
1662620220000,98.0
1662655980000,96.0
1662665700000,99.0
1662685860000,99.0
1662699600000,95.0
1662733440000,99.0
1662746100000,99.0
1662751440000,95.0
1662763800000,95.0
1662765720000,99.0
1662774000000,98.0
1662777780000,98.0
1662803160000,99.0
1662809820000,99.0
1662815940000,97.0
1662840060000,97.0
1662843120000,96.0
1662853800000,99.0
1662859200000,100.0
1662892500000,94.0
1662906000000,98.0
1662923160000,98.0
1662935700000,97.0
1662940740000,99.0
1663005780000,97.0
1663011960000,99.0
1663019160000,99.0
1663025220000,98.0
1663039200000,99.0
1663069260000,99.0
1663074120000,99.0
1663081500000,98.0
1663093020000,98.0
1663107300000,98.0
1663115160000,98.0
1663143180000,99.0
1663168920000,98.0
1663190100000,99.0
1663196640000,98.0
1663223880000,100.0
1663254060000,98.0
1663260840000,98.0
1663277040000,94.0
1663281720000,97.0
1663283100000,96.0
1663285020000,97.0
1663319340000,97.0
1663328940000,98.0
1663341180000,98.0
1663344780000,97.0
1663356240000,97.0
1663374780000,97.0
1663411260000,97.0
1663424100000,99.0
1663433040000,97.0
1663440600000,94.0
1663447320000,98.0
1663457220000,98.0
1663460280000,98.0
1663488420000,99.0
1663495080000,97.0
1663506060000,95.0
1663532040000,99.0
1663541520000,98.0
1663542720000,98.0
1663544880000,99.0
1663578840000,98.0
1663584960000,98.0
1663625760000,99.0
1663630560000,97.0
1663650840000,99.0
1663667700000,100.0
1663684380000,99.0
1663691220000,99.0
1663693080000,97.0
1663718640000,100.0
1663738140000,97.0
1663769160000,95.0
1663786020000,97.0
1663794240000,98.0
1663795440000,99.0
1663808340000,99.0
1663840440000,99.0
1663859160000,98.0
1663866300000,98.0
1663887240000,98.0
1663893960000,99.0
1663906320000,99.0
1663918680000,100.0
1663933560000,96.0
1663953120000,98.0
1663976640000,80.0
1663981920000,97.0
1664027520000,96.0
1664034180000,96.0
1664043480000,96.0
1664062140000,97.0
1664064540000,98.0
1664103120000,97.0
1664110500000,96.0
1664115300000,98.0
1664125020000,97.0
1664131740000,99.0
1664148960000,97.0
1664165400000,97.0
1664187900000,99.0
1664201640000,96.0
1664216820000,99.0
1664230680000,99.0
1664241960000,99.0
1664274960000,99.0
1664300280000,99.0
1664306400000,98.0
1664315760000,98.0
1664321400000,98.0
1664322060000,96.0
1664346360000,95.0
1664375520000,98.0
1664396160000,97.0
1664401560000,99.0
1664414340000,99.0
1664435880000,92.0
1664463840000,99.0
1664466240000,96.0
1664472840000,98.0
1664483220000,100.0
1664487240000,100.0
1664494320000,98.0
1664496780000,96.0
1664504880000,99.0
1664509080000,99.0
1664520240000,99.0
1664528820000,97.0
1664541780000,99.0
1664549580000,97.0
1664553180000,99.0
1664559660000,98.0
1664581560000,98.0
1664587860000,100.0
1664598720000,99.0
1664631180000,97.0
1664650380000,95.0
1664655840000,99.0
1664664060000,98.0
1664665260000,96.0
1664666520000,98.0
1664676180000,97.0
1664702760000,99.0
1664706540000,97.0
1664721300000,97.0
1664739600000,97.0
1664747940000,99.0
1664750460000,79.0
1664751840000,98.0
1664754420000,99.0
1664760180000,99.0
1664788920000,98.0
1664796240000,98.0
1664809380000,96.0
1664838120000,95.0
1664857980000,99.0
1664902320000,97.0
1664912160000,96.0
1664920020000,99.0
1664924880000,100.0
1664930040000,99.0
1664957220000,99.0
1664975160000,98.0
1664977020000,99.0
1664983320000,77.0
1664986320000,96.0
1665002220000,97.0
1665008280000,96.0
1665017340000,99.0
1665044100000,99.0
1665068100000,98.0
1665075300000,99.0
1665082620000,98.0
1665099300000,97.0
1665117300000,97.0
1665140460000,100.0
1665152100000,97.0
1665180000000,95.0
1665182400000,95.0
1665189660000,99.0
1665227640000,95.0
1665234420000,98.0
1665258840000,83.0
1665260040000,97.0
1665275400000,97.0
1665306360000,98.0
1665325320000,98.0
1665333720000,97.0
1665339420000,99.0
1665354060000,99.0
1665357300000,96.0
1665384180000,100.0
1665407700000,98.0
1665418440000,99.0
1665439020000,97.0
1665450720000,98.0
1665462900000,97.0
1665490680000,98.0
1665503520000,97.0
1665513360000,95.0
1665516960000,95.0
1665525300000,96.0
1665530160000,99.0
1665533040000,97.0
1665569760000,99.0
1665578100000,99.0
1665592620000,99.0
1665614520000,98.0
1665617280000,97.0
1665679200000,98.0
1665684180000,96.0
1665686580000,99.0
1665693960000,97.0
1665703320000,96.0
1665707700000,99.0
1665738960000,99.0
1665743220000,98.0
1665757440000,97.0
1665764700000,99.0
1665770820000,99.0
1665778080000,95.0
1665792360000,100.0
1665796740000,100.0
1665823140000,98.0
1665826080000,96.0
1665831480000,98.0
1665840060000,97.0
1665855000000,97.0
1665864900000,99.0
1665875460000,97.0
1665885660000,91.0
1665910020000,99.0
1665922980000,99.0
1665931380000,96.0
1665937680000,98.0
1665944340000,99.0
1665958500000,98.0
1665962100000,97.0
1665988800000,99.0
1666019580000,97.0
1666036200000,97.0
1666056360000,100.0
1666087440000,98.0
1666110720000,97.0
1666118640000,98.0
1666139040000,98.0
1666170000000,99.0
1666189620000,95.0
1666203600000,97.0
1666214040000,94.0
1666222800000,99.0
1666248300000,99.0
1666258980000,99.0
1666279980000,97.0
1666281180000,97.0
1666294200000,97.0
1666298160000,98.0
1666308600000,97.0
1666309260000,97.0
1666344420000,100.0
1666360920000,99.0
1666379580000,98.0
1666393680000,98.0
1666399680000,95.0
1666404000000,99.0
1666406400000,99.0
1666413840000,96.0
1666427760000,99.0
1666452600000,98.0
1666459920000,95.0
1666466640000,98.0
1666481100000,99.0
1666484820000,97.0
1666508880000,94.0
1666524420000,98.0
1666539000000,98.0
1666545840000,98.0
1666564800000,98.0
1666566720000,97.0
1666606680000,99.0
1666611120000,97.0
1666635240000,98.0
1666646160000,98.0
1666651980000,99.0
1666659960000,96.0
1666686720000,98.0
1666722240000,98.0
1666735140000,98.0
1666744860000,99.0
1666788420000,94.0
1666802940000,97.0
1666806840000,98.0
1666819560000,94.0
1666824600000,98.0
1666830360000,99.0
1666883100000,97.0
1666906080000,97.0
1666909260000,97.0
1666912800000,100.0
1666939620000,75.0
1666955940000,98.0
1666960440000,98.0
1666969320000,98.0
1666998240000,97.0
1667000700000,97.0
1667039580000,97.0
1667054820000,96.0
1667064900000,98.0
1667073780000,98.0
1667081880000,95.0
1667088480000,98.0
1667120280000,96.0
1667137560000,97.0
1667144880000,99.0
1667167920000,99.0
1667178060000,98.0
1667200140000,99.0
1667217960000,98.0
1667236320000,99.0
1667264220000,99.0
1667307420000,98.0
1667311740000,98.0
1667313540000,98.0
1667340900000,98.0
1667347380000,99.0
1667351580000,97.0
1667374320000,99.0
1667401020000,99.0
1667421540000,95.0
1667428440000,99.0
1667434920000,98.0
1667508120000,98.0
1667519880000,98.0
1667529600000,97.0
1667532000000,99.0
1667564760000,98.0
1667584380000,97.0
1667589780000,99.0
1667601780000,99.0
1667605440000,99.0
1667609160000,98.0
1667631720000,98.0
1667661240000,96.0
1667664840000,97.0
1667678880000,98.0
1667680080000,95.0
1667701920000,98.0
1667714160000,97.0
1667737560000,97.0
1667746860000,96.0
1667756040000,96.0
1667779080000,98.0
1667779740000,97.0
1667783640000,97.0
1667807280000,98.0
1667814000000,99.0
1667826300000,97.0
1667838300000,99.0
1667851800000,98.0
1667866140000,97.0
1667869500000,98.0
1667873700000,94.0
1667877300000,98.0
1667880900000,96.0
1667885700000,95.0
1667889900000,96.0
1667897880000,99.0
1667935800000,97.0
1667942100000,97.0
1667948760000,97.0
1667952840000,99.0
1667958360000,97.0
1667979780000,99.0
1667988540000,99.0
1667997840000,99.0
1668008820000,98.0
1668010620000,95.0
1668025800000,96.0
1668030000000,98.0
1668042540000,96.0
1668051000000,99.0
1668084240000,97.0
1668095400000,99.0
1668101280000,95.0
1668123840000,99.0
1668127620000,97.0
1668132720000,99.0
1668144720000,99.0
1668162000000,99.0
1668164520000,99.0
1668170880000,97.0
1668184380000,99.0
1668189840000,96.0
1668195900000,98.0
1668203160000,99.0
1668214860000,98.0
1668231720000,96.0
1668248640000,99.0
1668263460000,98.0
1668268860000,98.0
1668276960000,97.0
1668286320000,99.0
1668293520000,99.0
1668298800000,98.0
1668302940000,99.0
1668303780000,94.0
1668317700000,97.0
1668335880000,97.0
1668339180000,96.0
1668349980000,100.0
1668360000000,97.0
1668363600000,97.0
1668370920000,99.0
1668379200000,99.0
1668382980000,96.0
1668386100000,97.0
1668400680000,98.0
1668418860000,98.0
1668442500000,99.0
1668460080000,97.0
1668467520000,99.0
1668470820000,99.0
1668474720000,100.0
1668478680000,95.0
1668482100000,100.0
1668490080000,98.0
1668498900000,94.0
1668503700000,98.0
1668517440000,98.0
1668529860000,95.0
1668537780000,99.0
1668548760000,98.0
1668556620000,97.0
1668557220000,97.0
1668561720000,98.0
1668589260000,98.0
1668592920000,96.0
1668598500000,97.0
1668613320000,96.0
1668621480000,97.0
1668634680000,97.0
1668644400000,96.0
1668664020000,99.0
1668678180000,99.0
1668692580000,98.0
1668730440000,98.0
1668763500000,97.0
1668812940000,99.0
1668816540000,99.0
1668848400000,98.0
1668868980000,98.0
1668873240000,98.0
1668879240000,98.0
1668882840000,97.0
1668890040000,98.0
1668899460000,100.0
1668902280000,99.0
1668908400000,98.0
1668915180000,98.0
1668917640000,99.0
1668945180000,99.0
1668949980000,99.0
1668959160000,96.0
1668973440000,98.0
1668983940000,97.0
1668991320000,96.0
1669014480000,99.0
1669051680000,99.0
1669056240000,99.0
1669073460000,97.0
1669077720000,96.0
1669102920000,100.0
1669136460000,99.0
1669154760000,95.0
1669162140000,98.0
1669167360000,98.0
1669203780000,98.0
1669238700000,98.0
1669247340000,99.0
1669248540000,98.0
1669256340000,99.0
1669263120000,99.0
1669269180000,97.0
1669278000000,99.0
1669303080000,99.0
1669321380000,97.0
1669327980000,97.0
1669331220000,97.0
1669336020000,99.0
1669342080000,99.0
1669400340000,97.0
1669426320000,98.0
1669442460000,100.0
1669499340000,98.0
1669511220000,99.0
1669584660000,97.0
1669587480000,99.0
1669594380000,98.0
1669596540000,98.0
1669651380000,97.0
1669657680000,99.0
1669665660000,98.0
1669672800000,99.0
1669680480000,98.0
1669681080000,96.0
1669714260000,99.0
1669730460000,99.0
1669741080000,99.0
1669746240000,98.0
1669748640000,99.0
1669759020000,98.0
1669762020000,99.0
1669767660000,95.0
1669772160000,99.0
1669821540000,97.0
1669827900000,98.0
1669841340000,100.0
1669845000000,99.0
1669850160000,98.0
1669856460000,94.0
1669861620000,99.0
1669896000000,99.0
1669918620000,99.0
1669926960000,97.0
1669931220000,95.0
1669938720000,98.0
1669939920000,96.0
1669942740000,99.0
1669999140000,99.0
1670014560000,97.0
1670030340000,99.0
1670038800000,98.0
1670067120000,97.0
1670069520000,97.0
1670076720000,99.0
1670085780000,97.0
1670097000000,98.0
1670102880000,98.0
1670119320000,100.0
1670137500000,98.0
1670165520000,97.0
1670181240000,98.0
1670191860000,99.0
1670204580000,98.0
1670218380000,99.0
1670232960000,98.0
1670247600000,97.0
1670260740000,96.0
1670265060000,97.0
1670275260000,99.0
1670279040000,97.0
1670288700000,100.0
1670303940000,98.0
1670324760000,100.0
1670330880000,98.0
1670346420000,95.0
1670350020000,98.0
1670361720000,97.0
1670372160000,99.0
1670379600000,98.0
1670403300000,99.0
1670414280000,98.0
1670430300000,97.0
1670450580000,99.0
1670454840000,96.0
1670464320000,96.0
1670494440000,99.0
1670509020000,99.0
1670526420000,98.0
1670537040000,98.0
1670544360000,96.0
1670550660000,99.0
1670586180000,94.0
1670602980000,96.0
1670613180000,94.0
1670634060000,97.0
1670651100000,97.0
1670671620000,98.0
1670679420000,98.0
1670681880000,97.0
1670702580000,99.0
1670710440000,99.0
1670718360000,99.0
1670736000000,97.0
1670756760000,96.0
1670763720000,96.0
1670773140000,98.0
1670780700000,99.0
1670802420000,99.0
1670804520000,96.0
1670828880000,97.0
1670845080000,97.0
1670857740000,98.0
1670880300000,96.0
1670888220000,97.0
1670890200000,96.0
1670895000000,95.0
1670896860000,93.0
1670909460000,99.0
1670918400000,99.0
1670933220000,96.0
1670952360000,98.0
1670968800000,98.0
1670978100000,98.0
1671020700000,98.0
1671025020000,96.0
1671033840000,96.0
1671035640000,97.0
1671039240000,99.0
1671058680000,98.0
1671061680000,97.0
1671067680000,97.0
1671108060000,96.0
1671128760000,96.0
1671135360000,96.0
1671141420000,98.0
1671150240000,98.0
1671151800000,99.0
1671169140000,98.0
1671193440000,98.0
1671222060000,99.0
1671228780000,98.0
1671231780000,99.0
1671235980000,98.0
1671240600000,98.0
1671255000000,98.0
1671271080000,98.0
1671283380000,99.0
1671311460000,97.0
1671322260000,95.0
1671324420000,98.0
1671354120000,98.0
1671361860000,96.0
1671368760000,99.0
1671377160000,97.0
1671381480000,96.0
1671391800000,98.0
1671405060000,90.0
1671409080000,96.0
1671413640000,98.0
1671440640000,98.0
1671471480000,95.0
1671486420000,96.0
1671491580000,98.0
1671499500000,96.0
1671527460000,99.0
1671544740000,96.0
1671553380000,99.0
1671556800000,98.0
1671574920000,96.0
1671579600000,99.0
1671584520000,100.0
1671600600000,96.0
1671627840000,99.0
1671629700000,98.0
1671639900000,99.0
1671661560000,98.0
1671675300000,95.0
1671709320000,96.0
1671741300000,97.0
1671751620000,97.0
1671759780000,97.0
1671774240000,98.0
1671796740000,98.0
1671811740000,96.0
1671817800000,96.0
1671822060000,98.0
1671831960000,99.0
1671843660000,97.0
1671863400000,100.0
1671878160000,97.0
1671903300000,99.0
1671926340000,97.0
1671927000000,98.0
1671946620000,95.0
1671949620000,95.0
1671962220000,99.0
1671965880000,99.0
1671984060000,98.0
1671994860000,98.0
1672012080000,98.0
1672017600000,97.0
1672020600000,98.0
1672033920000,98.0
1672054800000,99.0
1672065000000,96.0
1672071000000,99.0
1672076400000,97.0
1672085220000,97.0
1672095480000,100.0
1672185720000,99.0
1672189320000,98.0
1672193340000,95.0
1672207440000,98.0
1672228680000,95.0
1672246140000,99.0
1672266480000,98.0
1672280460000,97.0
1672286160000,97.0
1672309440000,97.0
1672324080000,98.0
1672337640000,96.0
1672345560000,99.0
1672347960000,98.0
1672351560000,97.0
1672359300000,98.0
1672398180000,97.0
1672401840000,100.0
1672409880000,99.0
1672422840000,95.0
1672429200000,95.0
1672441620000,98.0
1672448520000,97.0
1672464600000,99.0
1672492800000,99.0
1672517880000,98.0
1672532100000,99.0
1672543560000,96.0
1672544820000,97.0
1672547880000,100.0
1672553880000,99.0
1672560660000,98.0
1672566360000,98.0
1672571160000,96.0
1672578540000,97.0
1672580340000,98.0
1672586400000,94.0
1672594860000,98.0
1672604520000,97.0
1672618500000,97.0
1672625460000,95.0
1672636560000,99.0
1672660080000,97.0
1672669920000,97.0
1672683660000,98.0
1672693020000,99.0
1672702440000,99.0
1672704240000,99.0
1672706160000,99.0
1672731960000,98.0
1672752660000,98.0
1672758600000,98.0
1672766700000,96.0
1672781700000,95.0
1672787520000,98.0
1672793700000,98.0
1672796760000,99.0
1672802880000,94.0
1672821060000,97.0
1672841580000,98.0
1672850820000,98.0
1672860060000,98.0
1672880160000,97.0
1672883820000,98.0
1672910400000,99.0
1672921560000,99.0
1672941300000,98.0
1672945800000,96.0
1672954980000,96.0
1672967340000,97.0
1673021040000,95.0
1673040780000,97.0
1673048400000,96.0
1673049780000,98.0
1673050380000,97.0
1673058000000,98.0
1673083380000,98.0
1673090160000,98.0
1673095860000,97.0
1673101380000,97.0
1673116080000,96.0
1673133960000,96.0
1673136000000,97.0
1673138460000,99.0
1673142480000,97.0
1673151360000,96.0
1673158860000,98.0
1673163660000,99.0
1673170200000,98.0
1673220600000,100.0
1673277360000,97.0
1673279940000,96.0
1673301300000,95.0
1673306100000,95.0
1673314140000,99.0
1673323260000,99.0
1673355180000,98.0
1673364660000,99.0
1673376540000,95.0
1673388600000,98.0
1673395620000,98.0
1673396220000,95.0
1673398020000,98.0
1673403960000,97.0
1673407140000,97.0
1673411280000,100.0
1673412480000,99.0
1673416020000,99.0
1673421840000,96.0
1673425380000,97.0
1673446260000,96.0
1673474100000,96.0
1673477040000,97.0
1673479440000,98.0
1673481300000,96.0
1673512500000,95.0
1673513100000,96.0
1673542860000,97.0
1673567160000,99.0
1673570520000,95.0
1673574180000,94.0
1673579940000,99.0
1673590320000,98.0
1673597100000,99.0
1673610540000,98.0
1673630340000,100.0
1673640900000,97.0
1673652960000,99.0
1673657400000,98.0
1673658240000,98.0
1673686860000,99.0
1673707140000,97.0
1673714220000,97.0
1673749500000,97.0
1673783700000,99.0
1673795340000,97.0
1673811300000,98.0
1673819820000,99.0
1673828100000,96.0
1673830560000,99.0
1673846160000,99.0
1673884260000,99.0
1673886660000,98.0
1673898780000,97.0
1673910300000,97.0
1673922300000,100.0
1673923500000,99.0
1673933280000,100.0
1673956020000,98.0
1673973420000,96.0
1673978220000,99.0
1673987520000,99.0
1673997900000,99.0
1674005280000,99.0
1674011880000,97.0
1674059820000,99.0
1674066960000,97.0
1674071940000,98.0
1674085800000,94.0
1674087060000,98.0
1674092100000,97.0
1674114240000,97.0
1674144480000,99.0
1674154440000,97.0
1674162240000,99.0
1674179160000,100.0
1674208800000,98.0
1674234540000,99.0
1674237600000,97.0
1674248580000,98.0
1674251040000,97.0
1674254640000,99.0
1674259500000,98.0
1674261960000,94.0
1674270360000,99.0
1674293580000,99.0
1674297180000,98.0
1674307440000,97.0
1674323220000,98.0
1674336540000,99.0
1674338340000,99.0
1674346860000,97.0
1674355020000,100.0
1674381180000,97.0
1674393660000,99.0
1674399120000,96.0
1674408420000,96.0
1674419460000,98.0
1674430560000,96.0
1674436500000,98.0
1674454080000,99.0
1674492780000,98.0
1674504180000,97.0
1674522840000,97.0
1674555960000,99.0
1674563220000,99.0
1674577320000,98.0
1674595860000,100.0
1674600720000,96.0
1674604560000,99.0
1674605820000,95.0
1674608820000,97.0
1674612900000,99.0
1674625020000,98.0
1674641640000,99.0
1674659520000,96.0
1674666780000,97.0
1674677640000,98.0
1674685320000,98.0
1674690720000,95.0
1674692520000,96.0
1674694380000,98.0
1674734880000,98.0
1674750720000,97.0
1674768960000,98.0
1674772620000,98.0
1674774420000,97.0
1674784620000,95.0
1674809880000,95.0
1674827400000,99.0
1674836100000,98.0
1674843240000,98.0
1674846840000,99.0
1674876900000,99.0
1674884340000,98.0
1674904680000,99.0
1674906540000,99.0
1674915240000,96.0
1674925320000,97.0
1674929520000,98.0
1674930780000,99.0
1674944160000,97.0
1674946620000,98.0
1674949020000,97.0
1674952200000,99.0
1674954960000,100.0
1674973980000,99.0
1674987660000,96.0
1674994860000,96.0
1675005060000,97.0
1675016220000,97.0
1675024740000,99.0
1675029960000,98.0
1675037220000,95.0
1675039320000,100.0
1675073220000,98.0
1675098060000,99.0
1675101240000,97.0
1675116480000,97.0
1675127880000,96.0
1675130280000,96.0
1675160580000,99.0
1675167240000,98.0
1675182900000,99.0
1675191420000,99.0
1675195080000,100.0
1675205940000,97.0
1675209240000,97.0
1675214580000,97.0
1675237980000,98.0
1675259580000,97.0
1675265040000,99.0
1675272120000,96.0
1675277520000,97.0
1675284480000,98.0
1675297860000,97.0
1675298580000,99.0
1675315260000,98.0
1675356540000,97.0
1675362180000,97.0
1675371420000,96.0
1675386660000,97.0
1675389660000,98.0
1675414980000,97.0
1675436520000,98.0
1675442280000,99.0
1675444560000,99.0
1675455960000,98.0
1675466520000,99.0
1675474200000,91.0
1675479900000,99.0
1675494540000,96.0
1675504620000,98.0
1675516980000,99.0
1675525440000,97.0
1675531200000,98.0
1675532400000,99.0
1675543320000,99.0
1675547640000,96.0
1675549920000,97.0
1675558320000,98.0
1675573980000,100.0
1675594620000,99.0
1675611960000,100.0
1675621500000,97.0
1675631820000,98.0
1675637520000,97.0
1675642320000,99.0
1675644720000,99.0
1675676700000,98.0
1675683000000,98.0
1675698060000,98.0
1675701720000,97.0
1675721100000,98.0
1675727100000,99.0
1675731000000,95.0
1675756140000,100.0
1675788600000,99.0
1675791660000,97.0
1675800900000,98.0
1675809840000,98.0
1675813620000,99.0
1675816080000,99.0
1675818720000,98.0
1675841580000,100.0
1675867440000,97.0
1675873440000,98.0
1675877040000,95.0
1675896060000,98.0
1675898520000,97.0
1675901100000,99.0
1675903260000,98.0
1675910760000,94.0
1675921140000,98.0
1675959060000,99.0
1675962300000,98.0
1675968660000,96.0
1675974180000,97.0
1675983840000,99.0
1675994940000,98.0
1675998540000,97.0
1676042820000,99.0
1676049840000,97.0
1676061780000,99.0
1676068080000,97.0
1676068680000,98.0
1676073780000,96.0
1676076840000,98.0
1676109840000,98.0
1676115780000,97.0
1676124720000,98.0
1676135220000,97.0
1676146380000,97.0
1676150040000,99.0
1676152440000,98.0
1676163480000,100.0
1676181540000,97.0
1676202420000,96.0
1676214120000,98.0
1676215380000,98.0
1676222040000,99.0
1676226000000,97.0
1676234160000,98.0
1676238480000,97.0
1676243640000,98.0
1676244240000,99.0
1676246820000,96.0
1676250000000,97.0
1676253720000,99.0
1676258580000,95.0
1676259780000,100.0
1676264160000,97.0
1676268000000,99.0
1676280960000,97.0
1676285820000,99.0
1676288820000,98.0
1676292480000,100.0
1676297400000,99.0
1676308740000,99.0
1676324160000,97.0
1676328720000,98.0
1676336640000,95.0
1676361000000,99.0
1676367180000,97.0
1676372160000,98.0
1676382660000,98.0
1676386080000,95.0
1676399220000,97.0
1676402880000,98.0
1676410440000,96.0
1676421360000,97.0
1676423760000,98.0
1676452920000,98.0
1676457720000,98.0
1676463780000,98.0
1676476680000,97.0
1676485080000,98.0
1676495340000,99.0
1676497740000,96.0
1676505000000,99.0
1676508120000,97.0
1676535900000,99.0
1676539620000,97.0
1676546100000,98.0
1676556840000,98.0
1676560320000,98.0
1676565120000,98.0
1676572800000,97.0
1676583960000,98.0
1676589840000,96.0
1676592300000,100.0
1676599980000,98.0
1676612220000,96.0
1676635440000,99.0
1676646960000,98.0
1676654220000,96.0
1676662200000,98.0
1676674740000,99.0
1676678520000,99.0
1676683140000,99.0
1676687340000,97.0
1676693220000,100.0
1676699220000,98.0
1676706180000,97.0
1676709780000,98.0
1676717280000,98.0
1676721720000,96.0
1676728380000,97.0
1676733900000,99.0
1676749020000,98.0
1676749620000,97.0
1676761140000,99.0
1676767680000,96.0
1676775120000,97.0
1676794860000,99.0
1676806320000,99.0
1676814480000,96.0
1676815740000,99.0
1676818800000,98.0
1676829840000,98.0
1676834820000,100.0
1676840880000,98.0
1676848560000,98.0
1676852040000,98.0
1676856360000,95.0
1676871600000,98.0
1676910720000,99.0
1676920380000,98.0
1676923380000,99.0
1676931660000,97.0
1676934780000,98.0
1676938500000,97.0
1676957700000,99.0
1676998380000,96.0
1677002640000,97.0
1677010740000,99.0
1677024300000,97.0
1677029760000,98.0
1677038700000,100.0
1677046200000,97.0
1677053580000,97.0
1677073860000,95.0
1677085680000,99.0
1677097560000,97.0
1677106380000,97.0
1677114960000,98.0
1677119820000,99.0
1677169380000,98.0
1677197580000,98.0
1677200460000,96.0
1677204840000,97.0
1677207840000,99.0
1677213420000,98.0
1677221160000,99.0
1677231780000,96.0
1677238200000,93.0
1677261180000,98.0
1677276000000,98.0
1677280200000,97.0
1677283200000,96.0
1677286560000,98.0
1677291420000,96.0
1677316800000,97.0
1677328920000,99.0
1677334860000,98.0
1677343200000,98.0
1677349800000,96.0
1677356220000,98.0
1677362280000,99.0
1677370080000,98.0
1677374520000,100.0
1677391620000,97.0
1677406620000,98.0
1677424140000,98.0
1677434940000,99.0
1677444900000,97.0
1677459120000,97.0
1677476100000,99.0
1677516660000,98.0
1677531180000,99.0
1677538380000,97.0
1677549900000,98.0
1677609900000,97.0
1677617700000,98.0
1677623760000,96.0
1677627840000,98.0
1677629700000,99.0
1677630360000,99.0
1677648780000,99.0
1677682560000,97.0
1677685980000,97.0
1677690180000,97.0
1677693780000,99.0
1677701400000,98.0
1677710820000,98.0
1677716280000,97.0
1677722700000,96.0
1677735660000,97.0
1677752880000,99.0
1677776460000,96.0
1677780120000,98.0
1677793140000,97.0
1677799260000,98.0
1677804960000,97.0
1677808620000,98.0
1677821640000,98.0
1677864720000,99.0
1677867120000,96.0
1677870780000,99.0
1677876240000,97.0
1677882840000,98.0
1677891900000,98.0
1677892500000,99.0
1677900300000,98.0
1677908100000,99.0
1677922260000,98.0
1677926460000,97.0
1677933960000,96.0
1677945000000,98.0
1677954600000,99.0
1677959880000,99.0
1677961740000,98.0
1677969000000,99.0
1677976200000,98.0
1677976800000,100.0
1677979260000,100.0
1677989640000,99.0
1677997680000,98.0
1678013280000,97.0
1678027320000,99.0
1678036560000,99.0
1678041420000,99.0
1678047600000,97.0
1678052400000,99.0
1678060140000,98.0
1678065420000,100.0
1678066620000,98.0
1678074300000,98.0
1678084020000,95.0
1678120920000,97.0
1678122960000,99.0
1678126080000,98.0
1678133880000,98.0
1678138860000,98.0
1678140060000,99.0
1678145700000,99.0
1678149240000,100.0
1678159860000,98.0
1678170480000,97.0
1678193160000,98.0
1678209120000,99.0
1678220400000,95.0
1678222800000,96.0
1678227120000,99.0
1678232160000,98.0
1678234020000,99.0
1678235340000,97.0
1678243440000,96.0
1678248840000,100.0
1678253220000,98.0
1678278840000,98.0
1678290780000,98.0
1678293180000,97.0
1678301640000,98.0
1678304340000,96.0
1678315140000,98.0
1678326240000,100.0
1678328640000,97.0
1678331040000,95.0
1678338240000,97.0
1678340640000,96.0
1678346700000,97.0
1678353420000,98.0
1678369980000,96.0
1678380600000,99.0
1678383600000,97.0
1678394460000,97.0
1678400520000,97.0
1678404900000,97.0
1678406880000,98.0
1678411440000,99.0
1678416240000,99.0
1678426080000,98.0
1678435260000,95.0
1678438740000,98.0
1678471200000,98.0
1678474200000,98.0
1678482000000,97.0
1678483920000,97.0
1678487880000,98.0
1678493580000,99.0
1678496280000,99.0
1678500300000,99.0
1678508820000,96.0
1678516920000,99.0
1678523040000,97.0
1678529640000,98.0
1678534620000,100.0
1678538580000,96.0
1678545720000,97.0
1678556880000,96.0
1678561680000,97.0
1678570320000,97.0
1678570920000,99.0
1678578780000,97.0
1678582440000,96.0
1678586460000,98.0
1678591320000,100.0
1678600620000,96.0
1678609080000,98.0
1678619400000,96.0
1678622940000,97.0
1678626540000,97.0
1678649220000,98.0
1678649820000,97.0
1678658940000,97.0
1678665660000,98.0
1678672560000,99.0
1678677960000,100.0
1678681620000,100.0
1678689720000,98.0
1678693260000,97.0
1678699320000,99.0
1678706640000,97.0
1678723320000,99.0
1678729800000,98.0
1678736400000,97.0
1678744260000,99.0
1678749420000,94.0
1678753800000,98.0
1678754400000,98.0
1678755780000,96.0
1678766220000,96.0
1678772820000,97.0
1678779480000,99.0
1678805940000,98.0
1678818780000,99.0
1678829040000,98.0
1678830840000,98.0
1678835100000,97.0
1678839540000,100.0
1678841340000,99.0
1678846800000,96.0
1678854600000,98.0
1678858200000,97.0
1678867800000,98.0
1678877100000,99.0
1678888260000,99.0
1678888860000,98.0
1678897560000,97.0
1678901160000,99.0
1678908960000,98.0
1678912740000,98.0
1678931100000,99.0
1678946880000,98.0
1678957680000,97.0
1678963080000,98.0
1678969860000,97.0
1678976700000,97.0
1678979760000,97.0
1678982160000,94.0
1678986960000,98.0
1678994400000,95.0
1678998000000,97.0
1679003700000,98.0
1679009340000,97.0
1679011140000,98.0
1679011740000,95.0
1679014860000,98.0
1679022180000,95.0
1679029200000,95.0
1679038380000,99.0
1679044980000,97.0
1679050440000,98.0
1679056080000,98.0
1679059440000,99.0
1679066220000,97.0
1679079420000,98.0
1679085960000,98.0
1679088960000,99.0
1679091360000,97.0
1679098860000,94.0
1679189700000,100.0
1679276280000,96.0
1679284860000,96.0
1679289060000,99.0
1679293320000,99.0
1679297520000,97.0
1679310000000,97.0
1679334480000,98.0
1679340300000,99.0
1679346780000,96.0
1679357160000,99.0
1679443980000,99.0
1679445780000,96.0
1679450820000,99.0
1679458200000,99.0
1679463000000,98.0
1679472480000,98.0
1679502060000,98.0
1679508060000,99.0
1679511720000,97.0
1679516640000,97.0
1679519640000,96.0
1679524500000,99.0
1679533800000,98.0
1679538360000,100.0
1679541900000,97.0
1679546280000,98.0
1679552640000,97.0
1679559360000,97.0
1679572020000,98.0
1679587320000,99.0
1679590920000,99.0
1679595600000,98.0
1679598000000,99.0
1679604720000,99.0
1679614380000,97.0
1679616300000,98.0
1679619480000,97.0
1679622720000,96.0
1679628720000,98.0
1679635980000,99.0
1679643180000,98.0
1679666580000,98.0
1679683560000,98.0
1679688900000,97.0
1679690760000,99.0
1679696520000,98.0
1679697720000,97.0
1679701860000,97.0
1679703060000,95.0
1679707260000,98.0
1679714460000,97.0
1679718840000,97.0
1679722440000,98.0
1679727540000,96.0
1679732340000,98.0
1679740080000,99.0
1679744760000,98.0
1679746680000,98.0
1679753940000,99.0
1679757660000,97.0
1679766780000,98.0
1679772180000,99.0
1679786400000,100.0
1679789760000,95.0
1679793360000,98.0
1679795220000,100.0
1679802660000,94.0
1679808060000,98.0
1679811660000,99.0
1679818920000,97.0
1679826660000,96.0
1679830020000,98.0
1679835720000,98.0
1679839500000,98.0
1679849040000,98.0
1679850240000,95.0
1679859540000,98.0
1679861340000,98.0
1679871660000,98.0
1679882820000,100.0
1679886000000,97.0
1679889840000,98.0
1679892240000,100.0
1679900520000,99.0
1679911020000,99.0
1679934960000,98.0
1679935560000,97.0
1679942820000,99.0
1679961000000,99.0
1679963400000,96.0
1679972340000,97.0
1679974140000,98.0
1679981280000,97.0
1679984880000,97.0
1680022560000,98.0
1680029220000,100.0
1680037140000,99.0
1680039540000,95.0
1680046140000,95.0
1680047460000,95.0
1680052980000,99.0
1680054240000,99.0
1680058440000,97.0
1680060240000,100.0
1680066840000,98.0
1680071400000,97.0
1680074940000,98.0
1680084420000,95.0
1680092280000,99.0
1680096000000,98.0
1680106680000,98.0
1680110280000,98.0
1680113400000,100.0
1680118440000,94.0
1680124140000,95.0
1680126540000,99.0
1680129720000,99.0
1680130980000,99.0
1680133980000,98.0
1680138240000,98.0
1680151560000,99.0
1680155820000,99.0
1680179040000,96.0
1680183240000,99.0
1680201840000,99.0
1680204240000,96.0
1680213900000,98.0
1680220320000,97.0
1680267420000,99.0
1680285420000,96.0
1680296580000,98.0
1680301260000,97.0
1680303720000,99.0
1680316440000,97.0
1680358860000,98.0
1680375120000,96.0
1680393960000,100.0
1680399420000,96.0
1680403620000,96.0
1680407820000,97.0
1680412740000,97.0
1680418800000,99.0
1680425700000,97.0
1680433440000,97.0
1680437700000,98.0
1680451860000,99.0
1680453720000,99.0
1680460560000,99.0
1680463920000,98.0
1680474180000,98.0
1680477240000,99.0
1680480840000,96.0
1680485460000,99.0
1680491400000,98.0
1680495000000,98.0
1680498960000,98.0
1680502200000,97.0
1680508260000,99.0
1680518100000,100.0
1680519660000,96.0
1680523860000,99.0
1680527520000,99.0
1680533520000,98.0
1680546180000,99.0
1680548220000,98.0
1680557280000,98.0
1680559740000,99.0
1680567420000,98.0
1680578100000,97.0
1680587700000,99.0
1680593160000,98.0
1680601860000,97.0
1680607260000,98.0
1680616320000,98.0
1680620880000,98.0
1680633180000,96.0
1680653040000,97.0
1680654240000,95.0
1680656280000,95.0
1680661320000,100.0
1680664320000,99.0
1680675720000,97.0
1680678840000,98.0
1680686160000,99.0
1680694740000,99.0
1680698100000,95.0
1680701760000,96.0
1680706560000,96.0
1680717300000,99.0
1680718500000,99.0
1680725700000,99.0
1680727500000,99.0
1680736680000,99.0
1680740880000,96.0
1680743580000,98.0
1680750180000,97.0
1680754980000,99.0
1680762180000,100.0
1680767700000,98.0
1680772440000,95.0
1680776280000,99.0
1680789060000,99.0
1680794520000,98.0
1680795780000,98.0
1680805920000,98.0
1680807120000,98.0
1680813360000,96.0
1680824580000,97.0
1680829560000,99.0
1680831360000,98.0
1680834960000,97.0
1680846480000,100.0
1680848340000,96.0
1680855720000,99.0
1680864000000,99.0
1680867060000,98.0
1680870060000,98.0
1680888000000,98.0
1680898500000,99.0
1680904080000,98.0
1680907680000,98.0
1680908880000,99.0
1680918540000,99.0
1680928740000,97.0
1680934140000,97.0
1680943020000,97.0
1680944760000,98.0
1680951420000,98.0
1680958560000,99.0
1680966420000,98.0
1680979260000,99.0
1680991560000,98.0
1680994620000,98.0
1680996420000,94.0
1681000260000,96.0
1681003980000,98.0
1681006380000,96.0
1681011780000,100.0
1681016580000,97.0
1681020180000,98.0
1681043340000,98.0
1681051500000,98.0
1681053300000,97.0
1681066500000,98.0
1681071300000,99.0
1681077240000,98.0
1681080840000,97.0
1681083420000,95.0
1681089180000,100.0
1681090380000,95.0
1681103400000,99.0
1681114140000,98.0
1681129260000,99.0
1681139640000,98.0
1681152060000,95.0
1681153860000,97.0
1681170180000,98.0
1681173480000,93.0
1681176720000,97.0
1681190100000,97.0
1681195560000,99.0
1681208700000,99.0
1681218720000,98.0
1681219380000,98.0
1681222920000,97.0
1681228980000,97.0
1681239360000,97.0
1681244460000,98.0
1681253100000,95.0
1681254900000,98.0
1681261680000,96.0
1681266540000,100.0
1681276140000,99.0
1681283760000,96.0
1681290960000,97.0
1681309080000,97.0
1681311480000,99.0
1681315680000,99.0
1681323600000,96.0
1681327320000,99.0
1681345680000,100.0
1681355220000,96.0
1681358220000,100.0
1681369140000,98.0
1681382580000,99.0
1681386840000,98.0
1681407120000,98.0
1681411980000,99.0
1681421040000,99.0
1681426080000,95.0
1681429200000,97.0
1681434420000,98.0
1681439220000,95.0
1681447200000,97.0
1681461960000,98.0
1681469340000,94.0
1681477980000,98.0
1681478580000,98.0
1681486380000,97.0
1681493280000,98.0
1681497540000,99.0
1681504740000,98.0
1681513500000,95.0
1681519260000,99.0
1681526520000,99.0
1681535040000,96.0
1681540560000,98.0
1681548480000,99.0
1681556280000,97.0
1681563540000,99.0
1681569060000,99.0
1681573140000,98.0
1681577940000,99.0
1681579500000,99.0
1681584540000,98.0
1681592640000,99.0
1681596900000,99.0
1681599900000,98.0
1681605300000,97.0
1681609020000,98.0
1681612020000,98.0
1681618920000,99.0
1681626180000,99.0
1681629780000,95.0
1681642800000,97.0
1681645860000,97.0
1681652160000,96.0
1681663740000,98.0
1681669260000,99.0
1681674240000,98.0
1681679040000,99.0
1681686540000,96.0
1681687740000,96.0
1681691100000,97.0
1681699740000,96.0
1681708440000,100.0
1681715640000,96.0
1681761480000,98.0
1681764420000,96.0
1681769220000,99.0
1681772880000,96.0
1681778520000,96.0
1681787580000,97.0
1681792440000,99.0
1681802460000,98.0
1681835580000,98.0
1681843500000,97.0
1681850640000,98.0
1681852980000,98.0
1681857540000,98.0
1681859340000,95.0
1681871940000,97.0
1681878900000,98.0
1681910520000,97.0
1681915740000,98.0
1681919640000,99.0
1681927440000,96.0
1681933500000,99.0
1681941780000,99.0
1681945080000,99.0
1681947480000,100.0
1681949460000,100.0
1681953480000,98.0
1681963140000,100.0
1681970100000,97.0
1681986780000,99.0
1681988700000,97.0
1681998420000,98.0
1682012700000,99.0
1682017620000,99.0
1682026740000,98.0
1682027340000,99.0
1682031780000,97.0
1682034840000,99.0
1682038680000,98.0
1682046780000,98.0
1682054880000,95.0
1682095800000,98.0
1682100060000,98.0
1682109780000,99.0
1682111580000,98.0
1682119680000,98.0
1682121480000,100.0
1682126280000,97.0
1682132460000,99.0
1682140740000,97.0
1682147460000,99.0
1682153760000,97.0
1682167860000,97.0
1682171520000,95.0
1682177460000,99.0
1682179980000,99.0
1682184840000,99.0
1682196240000,99.0
1682203620000,99.0
1682211600000,98.0
1682219040000,98.0
1682227680000,97.0
1682232420000,97.0
1682244780000,99.0
1682246100000,97.0
1682255340000,97.0
1682257740000,98.0
1682262540000,98.0
1682269380000,99.0
1682273820000,100.0
1682278080000,96.0
1682282160000,99.0
1682288400000,98.0
1682292840000,92.0
1682297760000,98.0
1682300640000,98.0
1682306640000,98.0
1682313840000,99.0
1682318640000,99.0
1682349240000,98.0
1682351040000,95.0
1682357760000,98.0
1682363820000,99.0
1682367420000,97.0
1682372760000,99.0
1682377860000,96.0
1682381340000,98.0
1682388000000,97.0
1682393280000,99.0
1682397480000,99.0
1682435820000,99.0
1682438280000,98.0
1682444520000,99.0
1682445720000,99.0
1682451240000,99.0
1682457960000,98.0
1682469180000,96.0
1682472780000,98.0
1682478180000,99.0
1682485740000,96.0
1682504880000,99.0
1682509800000,98.0
1682517120000,99.0
1682520360000,98.0
1682523540000,99.0
1682528880000,99.0
1682539080000,98.0
1682543340000,99.0
1682546700000,99.0
1682554140000,99.0
1682556120000,99.0
1682567280000,98.0
1682573880000,98.0
1682611500000,96.0
1682616900000,98.0
1682621700000,98.0
1682626620000,99.0
1682627880000,98.0
1682634360000,99.0
1682637960000,98.0
1682639160000,97.0
1682641560000,100.0
1682645760000,98.0
1682663460000,99.0
1682704380000,98.0
1682711580000,99.0
1682718780000,99.0
1682719980000,97.0
1682724180000,98.0
1682724780000,99.0
1682730060000,100.0
1682742900000,100.0
1682757180000,98.0
1682767680000,99.0
1682775660000,99.0
1682779140000,96.0
1682783340000,97.0
1682791800000,99.0
1682801640000,96.0
1682814000000,96.0
1682817780000,98.0
1682829960000,96.0
1682844420000,98.0
1682863260000,97.0
1682865660000,98.0
1682869260000,98.0
1682877120000,99.0
1682881800000,96.0
1682883180000,95.0
1682893440000,99.0
1682896440000,98.0
1682906940000,97.0
1682910540000,96.0
1682925120000,97.0
1682939760000,99.0
1682952720000,98.0
1682953320000,97.0
1682960280000,98.0
1682968080000,97.0
1682971680000,98.0
1682977380000,97.0
1682987580000,96.0
1683042840000,98.0
1683050100000,97.0
1683059700000,99.0
1683067380000,99.0
1683074400000,97.0
1683124800000,99.0
1683130920000,99.0
1683137460000,95.0
1683150180000,98.0
1683160980000,97.0
1683184560000,97.0
1683215100000,99.0
1683221160000,98.0
1683225840000,98.0
1683232500000,98.0
1683241140000,97.0
1683241740000,98.0
1683245760000,99.0
1683298920000,98.0
1683304980000,97.0
1683308640000,97.0
1683320820000,99.0
1683326760000,98.0
1683331380000,99.0
1683348480000,99.0
1683370740000,99.0
1683373800000,97.0
1683384540000,98.0
1683385740000,98.0
1683395400000,98.0
1683401220000,96.0
1683405480000,96.0
1683406080000,96.0
1683413280000,96.0
1683414480000,96.0
1683420420000,95.0
1683450960000,98.0
1683455160000,98.0
1683467880000,98.0
1683476760000,97.0
1683484680000,98.0
1683487680000,98.0
1683497940000,97.0
1683507720000,98.0
1683558300000,96.0
1683564360000,98.0
1683567360000,96.0
1683578880000,99.0
1683583860000,97.0
1683589500000,98.0
1683592020000,97.0
1683646200000,96.0
1683650400000,98.0
1683651000000,98.0
1683659220000,97.0
1683663060000,99.0
1683677520000,100.0
1683692880000,98.0
1683730560000,97.0
1683736560000,99.0
1683740760000,96.0
1683750000000,98.0
1683759240000,97.0
1683762900000,95.0
1683797160000,97.0
1683819120000,99.0
1683826920000,98.0
1683837840000,98.0
1683841260000,96.0
1683852000000,98.0
1683880080000,100.0
1683890160000,99.0
1683897480000,99.0
1683904080000,96.0
1683911040000,99.0
1683922140000,94.0
1683926400000,98.0
1683934560000,96.0
1683959940000,95.0
1683977400000,99.0
1683980340000,98.0
1683984960000,98.0
1683995160000,97.0
1683995760000,98.0
1684003980000,98.0
1684009740000,96.0
1684014060000,97.0
1684027080000,99.0
1684028340000,95.0
1684056240000,95.0
1684060920000,94.0
1684066380000,99.0
1684071900000,97.0
1684086300000,98.0
1684094340000,95.0
1684110240000,97.0
1684167780000,98.0
1684169580000,98.0
1684182180000,99.0
1684188840000,98.0
1684192440000,98.0
1684195140000,99.0
1684253520000,99.0
1684255980000,97.0
1684263180000,99.0
1684278180000,99.0
1684282380000,98.0
1684329900000,98.0
1684336260000,98.0
1684342500000,99.0
1684346220000,97.0
1684356240000,96.0
1684363440000,85.0
1684365120000,98.0
1684422180000,97.0
1684425180000,97.0
1684434900000,99.0
1684448940000,95.0
1684455540000,99.0
1684470960000,98.0
1684512240000,94.0
1684517640000,95.0
1684523640000,98.0
1684529280000,98.0
1684539540000,99.0
1684573440000,96.0
1684579980000,98.0
1684590480000,99.0
1684604760000,99.0
1684609800000,96.0
1684616820000,97.0
1684628940000,99.0
1684660080000,99.0
1684673160000,98.0
1684681800000,98.0
1684698600000,99.0
1684712520000,98.0
1684714380000,98.0
1684740180000,99.0
1684749780000,98.0
1684754640000,98.0
1684761960000,99.0
1684771320000,98.0
1684779840000,95.0
1684784100000,98.0
1684785900000,97.0
1684798020000,98.0
1684798620000,98.0
1684870920000,99.0
1684878480000,98.0
1684879740000,95.0
1684885320000,99.0
1684912560000,98.0
1684939500000,99.0
1684941420000,96.0
1684961100000,97.0
1684967280000,98.0
1684970940000,99.0
1685027520000,97.0
1685030760000,98.0
1685036040000,97.0
1685040960000,96.0
1685046960000,99.0
1685054460000,97.0
1685055600000,97.0
1685060340000,98.0
1685124480000,97.0
1685144040000,99.0
1685177820000,100.0
1685188440000,98.0
1685205000000,99.0
1685218620000,99.0
1685231580000,94.0
1685239740000,96.0
1685262120000,99.0
1685274720000,95.0
1685277120000,96.0
1685281440000,98.0
1685288700000,98.0
1685291160000,93.0
1685297160000,99.0
1685304780000,96.0
1685315100000,97.0
1685344500000,96.0
1685348940000,99.0
1685374500000,99.0
1685380440000,98.0
1685382780000,99.0
1685385840000,98.0
1685401500000,97.0
1685402940000,99.0
1685411880000,98.0
1685421000000,98.0
1685459880000,97.0
1685474520000,99.0
1685488080000,99.0
1685505360000,99.0
1685546940000,99.0
1685558520000,99.0
1685564760000,98.0
1685575800000,99.0
1685623440000,98.0
1685645580000,97.0
1685652480000,96.0
1685660640000,99.0
1685663640000,99.0
1685711160000,99.0
1685712360000,95.0
1685715960000,99.0
1685723220000,99.0
1685729640000,97.0
1685745300000,98.0
1685751480000,97.0
1685777700000,96.0
1685782500000,98.0
1685787240000,98.0
1685795040000,97.0
1685801160000,99.0
1685806560000,98.0
1685808960000,99.0
1685816520000,97.0
1685824560000,96.0
1685828700000,97.0
1685838180000,97.0
1685869260000,98.0
1685875020000,97.0
1685881680000,96.0
1685883540000,97.0
1685891340000,98.0
1685897400000,98.0
1685901000000,97.0
1685904060000,97.0
1685914860000,99.0
1685920140000,98.0
1685924340000,98.0
1685928720000,100.0
1685958960000,93.0
1685970420000,99.0
1685976540000,98.0
1685988540000,99.0
1685993100000,97.0
1686001620000,99.0
1686005820000,98.0
1686008460000,97.0
1686011040000,98.0
1686027120000,98.0
1686046020000,97.0
1686057720000,98.0
1686072540000,97.0
1686075000000,98.0
1686083820000,99.0
1686097800000,97.0
1686131940000,97.0
1686134340000,96.0
1686148140000,97.0
1686153600000,94.0
1686168000000,97.0
1686174780000,98.0
1686175980000,98.0
1686180840000,99.0
1686182760000,100.0
1686230820000,98.0
1686236880000,99.0
1686242940000,96.0
1686253800000,97.0
1686264300000,98.0
1686268020000,97.0
1686270540000,96.0
1686302880000,99.0
1686312780000,97.0
1686321300000,99.0
1686329700000,97.0
1686336300000,96.0
1686354600000,97.0
1686381480000,96.0
1686448800000,100.0
1686470280000,99.0
1686484260000,99.0
1686488400000,98.0
1686496560000,97.0
1686499560000,97.0
1686507420000,99.0
1686509220000,97.0
1686522300000,96.0
1686526560000,98.0
1686529200000,98.0
1686592080000,99.0
1686602820000,94.0
1686615540000,98.0
1686618180000,97.0
1686631440000,98.0
1686661260000,97.0
1686662460000,98.0
1686672060000,96.0
1686681720000,97.0
1686689400000,98.0
1686694200000,95.0
1686706620000,99.0
1686731880000,98.0
1686739680000,96.0
1686765420000,99.0
1686772440000,97.0
1686778500000,99.0
1686783060000,99.0
1686786900000,96.0
1686814440000,98.0
1686830400000,97.0
1686835980000,98.0
1686839460000,98.0
1686852120000,97.0
1686861060000,98.0
1686869760000,94.0
1686870360000,99.0
1686877320000,98.0
1686927240000,98.0
1686930780000,100.0
1686934320000,98.0
1686948660000,99.0
1686963480000,98.0
1686994320000,96.0
1687001460000,98.0
1687009260000,98.0
1687020720000,100.0
1687025040000,98.0
1687026240000,98.0
1687035600000,99.0
1687043940000,99.0
1687047180000,98.0
1687077660000,98.0
1687094040000,97.0
1687114860000,98.0
1687123980000,97.0
1687130820000,98.0
1687136820000,98.0
1687163580000,96.0
1687185000000,99.0
1687195980000,99.0
1687204140000,100.0
1687214520000,100.0
1687217520000,97.0
1687218720000,99.0
1687229520000,97.0
1687262100000,98.0
1687272300000,100.0
1687281900000,98.0
1687290540000,99.0
1687304940000,99.0
1687305540000,99.0
1687346280000,98.0
1687357320000,99.0
1687376100000,96.0
1687379700000,97.0
1687393380000,97.0
1687395780000,96.0
1687417620000,100.0
1687444680000,96.0
1687455660000,97.0
1687460460000,98.0
1687473840000,98.0
1687475040000,97.0
1687481580000,98.0
1687521600000,94.0
1687524360000,98.0
1687531080000,98.0
1687535280000,98.0
1687541940000,97.0
1687548540000,95.0
1687554660000,99.0
1687562580000,98.0
1687570860000,100.0
1687582260000,99.0
1687615140000,96.0
1687642500000,99.0
1687647900000,97.0
1687649760000,96.0
1687655100000,99.0
1687666500000,98.0
1687725360000,98.0
1687741440000,95.0
1687784820000,99.0
1687789740000,99.0
1687799400000,97.0
1687812060000,99.0
1687819140000,91.0
1687826640000,98.0
1687868400000,96.0
1687873920000,98.0
1687877520000,98.0
1687901340000,100.0
1687912860000,98.0
1687925640000,98.0
1687963500000,96.0
1687969080000,98.0
1687975320000,98.0
1687983660000,99.0
1687987860000,96.0
1687995420000,99.0
1688001000000,99.0
1688030640000,81.0
1688038500000,99.0
1688043300000,98.0
1688048220000,98.0
1688080380000,97.0
1688109720000,98.0
1688171160000,97.0
1688254080000,98.0
1688341200000,98.0
1688425860000,98.0
1688432400000,97.0
1688436660000,99.0
1688454720000,98.0
1688466060000,98.0
1688472660000,98.0
1688482680000,99.0
1688486340000,97.0
1688490720000,97.0
1688498520000,98.0
1688507640000,75.0
1688516220000,99.0
1688519100000,99.0
1688581860000,99.0
1688599620000,99.0
1688687460000,98.0
1688744640000,98.0
1688747640000,99.0
1688753400000,98.0
1688758200000,95.0
1688763120000,96.0
1688769960000,98.0
1688772960000,96.0
1688775780000,97.0
1688779620000,99.0
1688806800000,97.0
1688814360000,99.0
1688829120000,97.0
1688838780000,97.0
1688841480000,96.0
1688853180000,97.0
1688857260000,99.0
1688875620000,97.0
1688887560000,97.0
1688929140000,97.0
1688933880000,97.0
1688937600000,98.0
1688939400000,98.0
1688940600000,100.0
1688944620000,99.0
1688948520000,98.0
1688950920000,98.0
1688954100000,100.0
1688959740000,98.0
1688961780000,98.0
1688966820000,100.0
1688970000000,97.0
1688975520000,99.0
1688985060000,99.0
1688994480000,93.0
1689000600000,98.0
1689010920000,98.0
1689013980000,95.0
1689015780000,98.0
1689023100000,97.0
1689024900000,95.0
1689026760000,100.0
1689033660000,100.0
1689037260000,95.0
1689039720000,98.0
1689042900000,98.0
1689048840000,97.0
1689052080000,97.0
1689070680000,98.0
1689073080000,99.0
1689084900000,97.0
1689087900000,94.0
1689101460000,99.0
1689102060000,93.0
1689107820000,97.0
1689114540000,99.0
1689136920000,99.0
1689138720000,96.0
1689163380000,99.0
1689165240000,99.0
1689184740000,99.0
1689187860000,98.0
1689196080000,99.0
1689201060000,96.0
1689204840000,99.0
1689210180000,97.0
1689213480000,99.0
1689216480000,96.0
1689220380000,96.0
1689225540000,100.0
1689229740000,97.0
1689230340000,99.0
1689240060000,98.0
1689265800000,100.0
1689280020000,98.0
1689283680000,97.0
1689287100000,96.0
1689293880000,99.0
1689295080000,98.0
1689298920000,100.0
1689303960000,98.0
1689306600000,97.0
1689309000000,96.0
1689312660000,97.0
1689347400000,97.0
1689367680000,98.0
1689370800000,99.0
1689373260000,92.0
1689374520000,97.0
1689376980000,96.0
1689386580000,100.0
1689390180000,96.0
1689393840000,98.0
1689401100000,97.0
1689414780000,99.0
1689427920000,99.0
1689453600000,100.0
1689457320000,98.0
1689459720000,96.0
1689464220000,99.0
1689467760000,98.0
1689471780000,96.0
1689475140000,97.0
1689479520000,98.0
1689483120000,98.0
1689487560000,99.0
1689491100000,97.0
1689494820000,96.0
1689516420000,98.0
1689519540000,99.0
1689527340000,99.0
1689542340000,94.0
1689544140000,95.0
1689548400000,99.0
1689554160000,99.0
1689561120000,98.0
1689569160000,99.0
1689574320000,98.0
1689589260000,95.0
1689608940000,94.0
1689612660000,94.0
1689625320000,94.0
1689625920000,96.0
1689630180000,99.0
1689631380000,95.0
1689636180000,96.0
1689637440000,98.0
1689640440000,99.0
1689643920000,97.0
1689648900000,96.0
1689652680000,99.0
1689663840000,94.0
1689668880000,98.0
1689698820000,92.0
1689700980000,91.0
1689715140000,98.0
1689721800000,97.0
1689726960000,100.0
1689732360000,98.0
1689737760000,98.0
1689741300000,100.0
1689746280000,97.0
1689750540000,95.0
1689755340000,97.0
1689756600000,99.0
1689766080000,99.0
1689777480000,99.0
1689779280000,96.0
1689783480000,97.0
1689796080000,97.0
1689797280000,96.0
1689801120000,97.0
1689812880000,99.0
1689815460000,97.0
1689821100000,99.0
1689826980000,98.0
1689832680000,98.0
1689842640000,96.0
1689847500000,87.0
1689858420000,93.0
1689883800000,98.0
1689891240000,96.0
1689893640000,95.0
1689898860000,96.0
1689938100000,97.0
1689944820000,98.0
1689952380000,99.0
1689968400000,99.0
1689972060000,98.0
1689979740000,98.0
1689985380000,99.0
1689989460000,98.0
1689995340000,99.0
1689995940000,98.0
1689999000000,99.0
1690002000000,99.0
1690005600000,100.0
1690008600000,99.0
1690013100000,97.0
1690041600000,99.0
1690058100000,97.0
1690069200000,97.0
1690079160000,97.0
1690082760000,99.0
1690086780000,98.0
1690090140000,98.0
1690094880000,98.0
1690138800000,99.0
1690196760000,98.0
1690200360000,97.0
1690204020000,100.0
1690207620000,98.0
1690213920000,97.0
1690231500000,99.0
1690239660000,97.0
1690240260000,97.0
1690243860000,93.0
1690260420000,99.0
1690278060000,98.0
1690284720000,98.0
1690290360000,98.0
1690296420000,98.0
1690298220000,96.0
1690307460000,99.0
1690310460000,97.0
1690313460000,96.0
1690324800000,98.0
1690326000000,98.0
1690335360000,99.0
1690349220000,99.0
1690378920000,97.0
1690390980000,99.0
1690414560000,95.0
1690417500000,99.0
1690453740000,99.0
1690475940000,99.0
1690493160000,97.0
1690500960000,99.0
1690507740000,97.0
1690533540000,99.0
1690541640000,96.0
1690548420000,97.0
1690557540000,98.0
1690558140000,97.0
1690568520000,96.0
1690575360000,96.0
1690590060000,98.0
1690596960000,96.0
1690633500000,97.0
1690637160000,98.0
1690638960000,98.0
1690642020000,99.0
1690648020000,96.0
1690661520000,99.0
1690665720000,99.0
1690670040000,99.0
1690680240000,99.0
1690685520000,99.0
1690714380000,99.0
1690719420000,98.0
1690727040000,96.0
1690728840000,96.0
1690737300000,99.0
1690742820000,99.0
1690748880000,98.0
1690761600000,100.0
1690765980000,97.0
1690770240000,97.0
1690783020000,99.0
1690808460000,97.0
1690832820000,98.0
1690842120000,99.0
1690845720000,99.0
1690852440000,98.0
1690866660000,98.0
1690895280000,97.0
1690919280000,99.0
1690927080000,99.0
1690930140000,96.0
1690931340000,99.0
1690934760000,97.0
1690939740000,100.0
1690978380000,99.0
1690981440000,98.0
1690994700000,98.0
1691001300000,98.0
1691003820000,97.0
1691009280000,97.0
1691013060000,98.0
1691017440000,97.0
1691027040000,99.0
1691065440000,98.0
1691071500000,99.0
1691083080000,97.0
1691090460000,98.0
1691101380000,99.0
1691103600000,99.0
1691106660000,94.0
1691110200000,96.0
1691113320000,96.0
1691115180000,98.0
1691142600000,99.0
1691145000000,99.0
1691149020000,98.0
1691167800000,99.0
1691171700000,97.0
1691172900000,98.0
1691180100000,98.0
1691190000000,97.0
1691200020000,97.0
1691234400000,98.0
1691235600000,99.0
1691244120000,95.0
1691247780000,99.0
1691256180000,99.0
1691262420000,98.0
1691273280000,98.0
1691276940000,98.0
1691286960000,100.0
1691311620000,97.0
1691348220000,94.0
1691350860000,98.0
1691362020000,98.0
1691368740000,98.0
1691374860000,100.0
1691408220000,97.0
1691411880000,95.0
1691431020000,99.0
1691434080000,98.0
1691437080000,99.0
1691441520000,98.0
1691443920000,99.0
1691451780000,97.0
1691458260000,95.0
1691487960000,97.0
1691495340000,98.0
1691503680000,98.0
1691516340000,98.0
1691527620000,98.0
1691533860000,98.0
1691535060000,98.0
1691536320000,98.0
1691538660000,97.0
1691542860000,97.0
1691563680000,100.0
1691578920000,99.0
1691583900000,99.0
1691585100000,98.0
1691606940000,95.0
1691610660000,99.0
1691616120000,98.0
1691620920000,98.0
1691622780000,99.0
1691631120000,98.0
1691653080000,98.0
1691668200000,96.0
1691674500000,100.0
1691679960000,99.0
1691692860000,99.0
1691698080000,98.0
1691703540000,100.0
1691706540000,96.0
1691712780000,97.0
1691721960000,99.0
1691726760000,100.0
1691746920000,98.0
1691751840000,99.0
1691754120000,97.0
1691759040000,98.0
1691779140000,97.0
1691783940000,99.0
1691792520000,98.0
1691793120000,97.0
1691795700000,98.0
1691806740000,98.0
1691838840000,99.0
1691841840000,98.0
1691856180000,98.0
1691858040000,97.0
1691879160000,99.0
1691881560000,100.0
1691891940000,97.0
1691928180000,97.0
1691943300000,99.0
1691945100000,95.0
1691957220000,98.0
1691963220000,96.0
1691968080000,97.0
1691976180000,100.0
1691982120000,99.0
1692010200000,98.0
1692017640000,97.0
1692034200000,97.0
1692054960000,97.0
1692060660000,99.0
1692074640000,98.0
1692101880000,97.0
1692116040000,97.0
1692118680000,99.0
1692122940000,99.0
1692130620000,99.0
1692150780000,98.0
1692194340000,97.0
1692221880000,96.0
1692232680000,98.0
1692238020000,99.0
1692274020000,99.0
1692277740000,98.0
1692289920000,98.0
1692300480000,98.0
1692308580000,98.0
1692318840000,95.0
1692324480000,98.0
1692351660000,95.0
1692359460000,98.0
1692365100000,98.0
1692369300000,97.0
1692398640000,99.0
1692402240000,96.0
1692412560000,98.0
1692474420000,99.0
1692478020000,97.0
1692489840000,94.0
1692496380000,97.0
1692517200000,96.0
1692549780000,97.0
1692558660000,99.0
1692569940000,99.0
1692573540000,98.0
1692588240000,100.0
1692620700000,99.0
1692623700000,95.0
1692636600000,99.0
1692641400000,98.0
1692645000000,99.0
1692657300000,98.0
1692663060000,99.0
1692666900000,100.0
1692688860000,98.0
1692716640000,99.0
1692728160000,98.0
1692731160000,99.0
1692745800000,99.0
1692756780000,100.0
1692785640000,97.0
1692793500000,99.0
1692808620000,99.0
1692822480000,98.0
1692840240000,98.0
1692878160000,97.0
1692882960000,96.0
1692902100000,98.0
1692912300000,99.0
1692914160000,99.0
1692925680000,98.0
1692987720000,97.0
1693010040000,78.0
1693017120000,97.0
1693049220000,99.0
1693058700000,96.0
1693078440000,98.0
1693088340000,96.0
1693092720000,98.0
1693097700000,96.0
1693101900000,99.0
1693135620000,99.0
1693148520000,98.0
1693150320000,99.0
1693159800000,98.0
1693177680000,98.0
1693191660000,97.0
1693227660000,97.0
1693231920000,98.0
1693233720000,97.0
1693240380000,98.0
1693246980000,95.0
1693247580000,99.0
1693258320000,99.0
1693265760000,99.0
1693269540000,98.0
1703894280000,98.0
1703898120000,99.0
1703983200000,96.0
1704070320000,96.0
1704152160000,96.0
1704155760000,99.0
1704242280000,95.0
1704328320000,99.0
1704415740000,97.0
1704499500000,97.0
